loaded_catalog,2021-05-25T02:50:18.660
loaded_catalog,2021-05-25T02:53:07.391
loaded_catalog,2021-05-25T02:55:06.824
loaded_catalog,2021-05-25T02:58:52.482
loaded_catalog,2021-05-25T03:00:55.562
loaded_catalog,2021-05-25T03:03:15.296
loaded_catalog,2021-05-25T03:08:57.453
loaded_catalog,2021-05-25T03:12:06.099
loaded_catalog,2021-05-25T03:14:01.691
loaded_catalog,2021-05-25T03:18:18.019
loaded_catalog,2021-05-25T03:20:10.652
loaded_catalog,2021-05-25T03:25:23.827
loaded_catalog,2021-05-25T03:26:38.670
loaded_catalog,2021-05-25T03:28:16.016
loaded_catalog,2021-05-25T03:28:33.091
loaded_catalog,2021-05-25T03:41:26.960
loaded_catalog,2021-05-25T03:46:45.346
loaded_catalog,2021-05-25T03:50:49.844
loaded_catalog,2021-05-25T03:52:41.846
loaded_catalog,2021-05-25T03:55:16.236
loaded_catalog,2021-05-25T04:04:37.351
loaded_catalog,2021-05-25T04:07:00.542
loaded_catalog,2021-05-25T04:07:16.818
loaded_catalog,2021-05-25T04:07:17.382
loaded_catalog,2021-05-26T12:54:28.984
loaded_catalog,2021-05-26T12:58:25.094
loaded_catalog,2021-05-26T13:02:52.264
loaded_catalog,2021-05-26T13:04:44.881
loaded_catalog,2021-05-26T13:08:09.043
loaded_catalog,2021-05-26T13:08:58.485
loaded_catalog,2021-05-26T13:10:04.994
loaded_catalog,2021-05-26T13:21:56.042
loaded_catalog,2021-05-26T13:30:06.033
loaded_catalog,2021-05-26T13:46:53.290
loaded_catalog,2021-05-26T13:54:14.035
loaded_catalog,2021-05-26T13:54:30.495
loaded_catalog,2021-05-26T14:32:23.486704100
loaded_catalog,2021-05-26T14:33:10.188958800
loaded_catalog,2021-05-26T14:36:07.678010700
loaded_catalog,2021-05-26T14:38:33.787375500
loaded_catalog,2021-05-27T22:12:04.631360100
